{
    "timestamp_utc": "2025-12-17T23:51:25.809933+00:00",
    "model": "str",
    "training_time": {
      "seconds": 4805.201112747192,
      "minutes": 80.0866852124532
    },
    "metrics": {
      "accuracy": 0.84712,
      "precision": 0.8430039525691699,
      "recall": 0.85312,
      "f1_score": 0.8480318091451292
    },
    "inference_mean_seconds_per_sample": 0.0008734400463104249
}