{
    "timestamp_utc": "2025-12-17T16:59:54.030794+00:00",
    "model": "TFIDF + MLPClassifier",
    "training_time": {
      "seconds": 640.1482574939728,
      "minutes": 10.669137624899546
    },
    "metrics": {
      "accuracy": 0.87844,
      "precision": 0.8831295051429497,
      "recall": 0.87232,
      "f1_score": 0.8776914718074617
    },
    "inference_mean_seconds_per_sample": 0.015073819284439087
  }